timestamp,room_id,temperature,humidity,light,motion,air_quality,is_anomaly,anomaly_type
2026-09-29T08:00:00,101,27.2,55.1,450,0,42.0,0,NORMAL
2026-09-29T08:01:00,101,27.3,55.4,460,1,43.2,0,NORMAL
2026-09-29T08:02:00,101,27.5,56.0,470,1,44.1,0,NORMAL
2026-09-29T08:03:00,101,27.6,56.3,475,1,45.0,0,NORMAL
2026-09-29T08:04:00,101,27.8,56.9,480,1,45.8,0,NORMAL
2026-09-29T08:05:00,101,28.0,57.2,490,0,46.5,0,NORMAL
2026-09-29T08:06:00,101,28.2,57.8,510,0,47.0,0,NORMAL
2026-09-29T08:07:00,101,28.4,58.1,520,1,47.5,0,NORMAL
2026-09-29T08:08:00,101,28.5,58.5,530,1,48.0,0,NORMAL
2026-09-29T08:09:00,101,28.6,58.9,535,1,48.5,0,NORMAL
2026-09-29T08:10:00,101,31.2,65.0,540,1,65.0,1,WARNING_OVERHEATING
2026-09-29T08:11:00,101,33.5,72.4,560,1,85.2,1,WARNING_OVERHEATING
2026-09-29T08:12:00,101,35.8,79.1,580,1,110.5,1,CRITICAL_FIRE_RISK
2026-09-29T08:13:00,101,38.2,84.7,600,1,145.2,1,CRITICAL_FIRE_RISK
2026-09-29T08:14:00,101,40.1,89.3,620,1,190.0,1,CRITICAL_FIRE_RISK
2026-09-29T08:15:00,101,42.0,91.0,630,0,230.5,1,CRITICAL_FIRE_RISK
2026-09-29T08:16:00,101,39.0,85.0,600,0,180.0,1,CRITICAL_FIRE_RISK
2026-09-29T08:17:00,101,34.0,73.0,550,0,120.0,1,WARNING_OVERHEATING
2026-09-29T08:18:00,101,29.5,60.2,500,0,70.0,0,NORMAL
2026-09-29T08:19:00,101,28.1,57.0,480,0,52.0,0,NORMAL
2026-09-29T08:20:00,102,26.5,49.2,320,0,38.0,0,NORMAL
2026-09-29T08:21:00,102,26.6,49.5,330,0,38.5,0,NORMAL
2026-09-29T08:22:00,102,26.8,50.1,340,1,39.0,0,NORMAL
2026-09-29T08:23:00,102,27.0,51.0,350,1,40.2,0,NORMAL
2026-09-29T08:24:00,102,27.1,51.5,355,1,40.8,0,NORMAL
2026-09-29T08:25:00,102,27.3,52.0,360,0,41.5,0,NORMAL
2026-09-29T08:26:00,102,27.4,52.4,365,0,42.0,0,NORMAL
2026-09-29T08:27:00,102,27.5,53.0,370,1,42.6,0,NORMAL
2026-09-29T08:28:00,102,27.6,53.3,375,1,43.0,0,NORMAL
2026-09-29T08:29:00,102,27.8,53.8,380,1,43.5,0,NORMAL
2026-09-29T08:30:00,102,28.0,54.2,385,0,44.0,0,NORMAL
2026-09-29T08:31:00,102,28.1,54.8,390,0,44.5,0,NORMAL
2026-09-29T08:32:00,102,28.2,55.1,395,1,45.0,0,NORMAL
2026-09-29T08:33:00,102,29.0,78.2,210,0,88.0,1,HIGH_HUMIDITY_DAMP
2026-09-29T08:34:00,102,29.2,84.5,200,0,95.0,1,HIGH_HUMIDITY_DAMP
2026-09-29T08:35:00,102,29.5,88.9,195,0,105.0,1,HIGH_HUMIDITY_DAMP
2026-09-29T08:36:00,102,29.8,92.0,190,0,115.0,1,HIGH_HUMIDITY_DAMP
2026-09-29T08:37:00,102,29.3,86.0,220,0,98.0,1,HIGH_HUMIDITY_DAMP
2026-09-29T08:38:00,102,28.5,74.0,280,0,75.0,1,HIGH_HUMIDITY_DAMP
2026-09-29T08:39:00,102,27.8,58.0,350,0,50.0,0,NORMAL
2026-09-29T08:40:00,103,28.0,60.0,50,0,55.0,0,NORMAL
2026-09-29T08:41:00,103,28.0,60.1,50,0,55.0,0,NORMAL
2026-09-29T08:42:00,103,28.1,60.2,55,1,56.0,0,NORMAL
2026-09-29T08:43:00,103,28.2,60.3,55,1,56.5,0,NORMAL
2026-09-29T08:44:00,103,32.0,68.0,800,1,160.0,1,POOR_VENTILATION_STUFFY
2026-09-29T08:45:00,103,34.5,74.0,850,1,195.0,1,POOR_VENTILATION_STUFFY
2026-09-29T08:46:00,103,36.2,81.0,880,1,220.0,1,POOR_VENTILATION_STUFFY
2026-09-29T08:47:00,103,37.8,85.2,900,1,260.0,1,CRITICAL_FIRE_RISK
2026-09-29T08:48:00,103,38.5,87.0,910,1,290.0,1,CRITICAL_FIRE_RISK
2026-09-29T08:49:00,103,32.0,68.0,600,0,120.0,1,WARNING_OVERHEATING
2026-09-29T08:50:00,103,28.2,59.0,400,0,58.0,0,NORMAL
